Cognoms;Nom;Número;Data de naixement;Telèfon
Alqueza Puchol;Xavier;2;2006-12-11;+34 677 49 21 91
López Zamora;Joel;17;2006-03-14;+34 682 69 58 84
Monllao Chamon;Adrià;14;2006-06-22;+34 622 74 25 94
En Nouny Baranja;Yassine;7;1998-05-28;+34 631 31 12 85
Iniesta Alemany;Enric;11;2000-05-08;+34 610 87 59 61
Vilanova Oca;Eric;5;2000-11-28;+34 640 37 28 78
Josa Bonivada;Adair;15;2007-11-07;+34 644 09 46 66
Josa Bonavida;Pau;20;2007-11-07;+34 644 09 48 93
Sowe;Alagie Godal;19;2006-07-15;+34 673 63 88 67
Fañanás Herrero;Javier;6;1996-12-24;+34 634 56 10 03
Pons Artacho;Anton;8;1996-11-11;+34 686 80 25 65
Svarao Aulina;Maties;9;2003-01-29;+34 648 20 59 51
Bria López;Denis;18;2006-06-16;+34 662 95 77 03
Subirats Zaragoza;Hernan;3;2006-03-15;+34 648 54 87 59
Rodríguez Subirats;Max;10;2006-05-10;+34 619 02 56 46
Errais Achak;Badr;16;2007-01-23;+34 612 51 27 75
Garcia Carles;Marti;13;2002-06-09;+34 672 79 42 65
Chargui;Wael;14;2006-11-22;+33 7 83 10 85 88
Guilescu;Bogdan Florin;12;2007-01-04;+34 642 52 06 19
Hoebrechts;Amaury Michel Dimitri;12;2007-02-03;+33 7 68 67 46 77
Grau Callarisa;Roc;1;2003-08-05;+34 656 68 48 39
Fàbregas Solorzano;Guillem;4;2002-02-07;+34 685 27 33 01
